	#	St	MLS #	PST	Area	Address	City	BR	FB	HB	A/D	Pool	Liv Sqft	Yr Built	Acres	Sale Ty	Price	$/Sqft	DOM	CDOM											
	1	A	838659	Mob	27	5181 Forest Glenn Drive	Spring Hill	3	2	0	1,0	No	1,512	1991	0.17	ARMS	$159,900	$105.75	649	649											
	2	A	850012	SF	27	6352 Spring Hill Drive	Spring Hill	2	1	1	0,0	No	884	1969	0.17	ARMS	$180,000	$203.62	260	260											
	3	A	856662	SF	27	6591 Brambleleaf Drive	Spring Hill	2	2	0	1,0	No	958	1986	0.07	ARMS	$185,000	$193.11	7	7											
	4	A	856907	SF	27	11257 Salters Street	Spring Hill	2	2	0	2,0	No	1,320	1985	0.20	ARMS	$249,000	$188.64	5	5											
	5	A	856576	SF	27	7163 Fireside Street	Spring Hill	2	2	0	1,0	No	1,517	1970	0.20	ARMS	$250,000	$164.80	15	15											
	6	A	856454	SF	27	2468 Whispering Pines Court	Spring Hill	2	2	0	2,0	No	1,464	1991	0.10	ARMS	$250,000	$170.77	21	21											
	7	A	853603	SF	27	2508 Landover Boulevard	Spring Hill	3	2	0	2,0	No	1,328	1987	0.20	ARMS	$250,000	$188.25	85	85											
	8	A	854105	SF	27	432 Mistwood Court	Spring Hill	3	2	0	2,0	No	2,114	1999	0.21	ARMS	$259,900	$122.94	116	116											
	9	A	856903	SF	27	15042 Sterling Run	Spring Hill	2	2	0	2,0	No	1,204	1999	0.16	ARMS	$260,000	$215.95	5	5											
	10	A	854732	SF	27	7088 Crown Oaks Drive	Spring Hill	2	2	0	2,0	No	1,702	1987	0.14	ARMS	$275,000	$161.57	85	85											
	11	A	854805	SF	27	2662 Appleleaf Court	Spring Hill	2	2	0	2,0	No	1,681	1990	0.13	ARMS	$279,000	$165.97	86	86											
	12	A	853946	SF	27	1358 Ivydale Road	Spring Hill	3	2	0	2,0	Yes	1,299	1985	0.34	ARMS	$299,900	$230.87	118	118											
	13	A	853786	SF	27	13378 Drayton Dr	Spring Hill	2	2	0	2,0	Yes	1,550	1985	0.32	ARMS	$299,900	$193.48	123	123											
	14	A	854811	SF	27	4118 Ramona Drive	Spring Hill	3	2	0	2,0	Yes	1,278	2006	0.29	ARMS	$305,000	$238.65	92	92											
	15	A	856695	SF	27	12152 Landfair Street	Spring Hill	3	2	0	2,0	No	1,600	2016	0.23	ARMS	$319,900	$199.94	13	13											
	16	A	855970	SF	27	10376 Henderson Street	Spring Hill	3	2	0	2,0	Yes	1,825	1992	0.22	ARMS	$335,000	$183.56	42	42											
	17	A	855511	SF	27	8388 Omaha Circle	Spring Hill	3	2	0	2,0	Yes	1,833	1996	0.24	ARMS	$339,000	$184.94	62	62											
	18	A	851317	SF	27	2399 Gallagher Avenue	Spring Hill	3	2	0	0,0	Yes	1,220	1980	0.23	ARMS	$355,000	$290.98	116	116											
	19	A	856606	SF	27	5139 Jenson Avenue	Spring Hill	4	2	0	2,0	No	2,145	2023	0.23	ARMS	$364,000	$169.70	18	18											
	20	A	856849	SF	27	8018 Sugarbush Drive	Spring Hill	3	3	0	2,0	No	1,796	1993	0.17	ARMS	$365,000	$203.23	4	4											
	21	A	854896	SF	27	699 Winthrop Drive	Spring Hill	4	3	0	2,0	No	2,466	2008	0.13	ARMS	$365,000	$148.01	88	88											
	22	A	855076	SF	27	11382 Pickford Street	Spring Hill	3	2	0	2,0	Yes	1,471	1987	0.23	ARMS	$369,000	$250.85	79	79											
	23	A	855840	SF	27	6170 Gainsboro Avenue	Spring Hill	3	2	0	2,0	Yes	1,508	2002	0.34	ARMS	$375,000	$248.67	49	49											
	24	A	855318	SF	27	4215 Maplehurst Way	Spring Hill	3	2	1	2,0	No	2,694	2006	0.16	ARMS	$375,000	$139.20	57	57											
	25	A	855264	SF	27	2235 Springmeadow Drive	Spring Hill	3	2	0	2,0	No	1,508	1996	0.10	ARMS	$379,000	$251.33	67	67											
	26	A	856850	SF	27	2317 Scenic Hill Drive	Spring Hill	3	2	0	2,0	No	1,955	1992	0.25	ARMS	$385,000	$196.93	4	4											
	27	A	853353	SF	27	13454 Golden Lime Avenue	Spring Hill	4	3	0	3,0	No	2,557	2021	0.21	ARMS	$399,900	$156.39	145	145											
	28	A	855656	SF	27	13772 Dunwoody Drive	Spring Hill	4	2	1	3,0	No	2,796	2006	0.20	ARMS	$425,000	$152.00	56	56											
	29	A	853950	SF	30	10417 Golfers Way	Spring Hill	5	2	0	2,0	Yes	2,464	1994	0.70	ARMS	$425,000	$172.48	108	108											
	30	A	852220	SF	27	13380 Barlington Street	Spring Hill	5	2	0	0,0	Yes	3,300	1981	0.46	ARMS	$429,900	$130.27	181	181											
	31	A	849254	SF	27	7319 Lagoon Road	Spring Hill	7	2	1	2,0	Yes	3,096	2004	0.32	ARMS	$429,900	$138.86	293	293											
	32	A	856581	SF	27	7256 Royal Oak Drive	Spring Hill	3	2	0	2,0	Yes	2,179	1984	0.56	REO	$450,000	$206.52	19	19											
	33	A	856418	SF	27	3358 Ponytail Court	Spring Hill	4	3	0	2,0	No	2,301	2019	0.50	ARMS	$495,000	$215.12	26	26											
	34	A	853266	SF	27	348 Florian Way	Spring Hill	4	3	0	3,0	Yes	3,198	1990	1.08	ARMS	$624,900	$195.40	144	144											
	35	P	853880	SF	27	3017 Whispering Pines Court	Spring Hill	2	2	0	2,0	No	1,415	1992	0.08	ARMS	$240,000	$169.61	13	13											
	36	P	840692	SF	27	1474 Coble Road	Spring Hill	3	2	0	1,0	No	1,386	1980	0.23	AGT OWN	$249,990	$180.37	40	40											
	37	P	854826	SF	27	7360 Blackhawk Trail	Spring Hill	2	2	0	2,0	No	1,474	1973	0.16	ARMS	$260,000	$176.39	41	41											
	38	P	851569	SF	27	6422 Fairlawn Street	Spring Hill	3	2	0	2,0	Yes	1,387	1972	0.37	ARMS	$339,000	$244.41	109	109											
	39	P	842564	SF	27	8367 Apple Orchard Road	Spring Hill	3	2	0	2,0	Yes	1,697	1985	0.36	ARMS	$344,900	$203.24	193	193											
	40	P	853860	SF	27	4488 Bluewater Avenue	Spring Hill	3	2	0	2,0	Yes	1,680	1989	0.43	ARMS	$349,900	$208.27	70	70											
	41	P	854311	SF	27	13428 Mandalay Place	Spring Hill	4	3	0	3,0	No	2,653	2006	0.31	ARMS	$375,000	$141.35	5	5											
	42	P	855846	SF	27	1382 Larkin Road	Spring Hill	4	2	1	2,0	Yes	2,356	2005	0.26	ARMS	$399,000	$169.35	19	19											
	43	P	856131	SF	27	1311 Stallings Avenue	Spring Hill	3	2	0	2,0	Yes	2,052	1988	0.50	ARMS	$425,000	$207.12	5	5											
	44	C	848233	Mob	27	16321 Shady Hills Road	Spring Hill	2	1	1	0,0	No	1,312	1973	0.50	ARMS	$150,000	$114.33	1	1											
	45	C	841607	SF	27	6353 Spring Hill Drive	Spring Hill	2	1	0	0,0	No	912	1969	0.22	ARMS	$190,000	$208.33	157	157											
	46	C	849640	SF	27	2193 Timber Lodge Lane	Spring Hill	2	2	0	2,0	No	1,475	1982	0.20	ARMS	$200,000	$135.59	92	92											
	47	C	849155	SF	27	2210 Wyndam Drive	Spring Hill	2	2	0	1,0	No	1,232	1984	0.09	ARMS	$213,000	$172.89	21	21											
	48	C	846460	SF	27	2615 Saw Grass Circle	Spring Hill	2	2	0	1,0	No	1,351	1986	0.12	ARMS	$215,000	$159.14	66	66											
	49	C	852042	SF	27	2288 Evenglow Avenue	Spring Hill	3	2	0	2,0	Yes	2,564	1977	0.34	REO	$216,225	$84.33	12	12											
	50	C	851140	SF	27	11323 Highlander Court	Spring Hill	2	2	0	2,0	No	1,479	2000	0.14	ARMS	$220,000	$148.75	119	119											
	51	C	849073	SF	27	2692 Royal Ridge Drive	Spring Hill	2	2	0	2,0	No	1,468	1986	0.18	ARMS	$220,000	$149.86	130	130											
	52	C	849170	SF	27	6832 Treehaven Drive	Spring Hill	2	1	1	0,0	No	850	1970	0.21	ARMS	$224,000	$263.53	81	81											
	53	C	847839	SF	27	2230 Dove Hollow Drive	Spring Hill	2	2	0	2,0	No	1,298	1994	0.08	ARMS	$225,000	$173.34	83	83											
	54	C	849576	SF	27	6375 Ocean Pines Lane	Spring Hill	2	2	0	2,0	No	1,146	1983	0.23	ARMS	$229,000	$199.83	20	20											
	55	C	853002	SF	27	1364 Inca Avenue	Spring Hill	2	2	0	1,0	No	1,118	1980	0.23	ARMS	$230,000	$205.72	8	8											
	56	C	845020	SF	27	7392 Willow Brook Drive	Spring Hill	2	2	0	2,0	No	1,557	1997	0.10	ARMS	$230,000	$147.72	84	84											
	57	C	848615	SF	27	6410 Wedgewood Drive	Spring Hill	2	2	0	2,0	No	1,443	1986	0.16	ARMS	$232,000	$160.78	10	10											
	58	C	846612	SF	27	1377 Troy Avenue	Spring Hill	3	1	0	0,0	No	1,050	1971	0.23	ARMS	$233,000	$221.90	5	5											
	59	C	853794	SF	27	319 Dartmouth Avenue	Spring Hill	2	2	0	1,0	No	1,336	1984	0.22	ARMS	$234,000	$175.15	3	3											
	60	C	846616	SF	27	9102 Lamborn Street	Spring Hill	2	2	0	1,0	No	1,143	1985	0.27	ARMS	$235,000	$205.60	5	5											
	61	C	853055	SF	27	6208 Layton Avenue	Spring Hill	2	2	0	1,0	Yes	1,105	1983	0.23	ARMS	$240,000	$217.19	4	4											
	62	C	851323	SF	27	3096 Appleblossom Trail	Spring Hill	2	2	0	2,0	No	1,826	1993	0.10	ARMS	$240,000	$131.43	10	10											
	63	C	845815	SF	27	12546 Brookside Street	Spring Hill	2	2	0	2,0	Yes	1,434	1987	0.19	ARMS	$240,000	$167.36	54	54											
	64	C	850228	SF	27	2075 Quailwood Lane	Spring Hill	2	2	0	2,0	No	2,038	1996	0.18	ARMS	$241,000	$118.25	82	82											
	65	C	851996	SF	27	6497 Pine Meadows Drive	Spring Hill	2	2	0	2,0	No	1,640	1986	0.16	ARMS	$242,900	$148.11	66	66											
	66	C	849208	SF	27	5100 Mentmore Avenue	Spring Hill	2	2	0	2,0	Yes	1,023	2000	0.23	ARMS	$245,000	$239.49	5	5											
	67	C	846921	SF	27	6766 Treehaven Drive	Spring Hill	2	2	0	1,0	Yes	1,236	1971	0.21	ARMS	$245,000	$198.22	53	53											
	68	C	855329	SF	27	5525 Applegate Drive	Spring Hill	2	2	0	1,0	No	1,322	1988	0.23	ARMS	$250,000	$189.11	21	21											
	69	C	851220	SF	27	11196 Redgate Street	Spring Hill	2	2	0	1,0	Yes	1,600	1979	0.22	ARMS	$250,000	$156.25	32	32											
	70	C	848728	SF	27	3213 Appleblossom Trail	Spring Hill	2	2	1	2,0	No	1,518	1993	0.12	ARMS	$250,000	$164.69	45	45											
	71	C	846442	SF	27	6360 Skyline Court	Spring Hill	2	1	0	0,0	Yes	1,000	1970	0.17	ARMS	$250,000	$250.00	47	47											
	72	C	855414	SF	27	6761 Pearleaf Court	Spring Hill	2	2	0	1,0	No	1,204	1985	0.18	ARMS	$252,000	$209.30	8	8											
	73	C	849947	SF	27	4533 Lakeshore Avenue	Spring Hill	3	2	0	2,0	No	1,160	1978	0.35	ARMS	$252,500	$217.67	88	88											
	74	C	849696	SF	27	2489 Amherst Avenue	Spring Hill	3	2	0	2,0	Yes	1,703	1987	0.23	ARMS	$255,000	$149.74	58	58											
	75	C	848911	SF	27	4228 Augustine Road	Spring Hill	3	2	0	2,0	No	1,534	1999	0.24	ARMS	$255,000	$166.23	200	200											
	76	C	847365	SF	27	7235 Anhinga Court	Spring Hill	2	2	0	2,0	No	1,456	1991	0.25	ARMS	$255,000	$175.14	8	8											
	77	C	848870	SF	27	195 Hartford Court	Spring Hill	2	2	0	2,0	No	1,280	2005	0.14	ARMS	$255,900	$199.92	26	26											
	78	C	850719	SF	27	3008 Whispering Pines Court	Spring Hill	2	2	0	2,0	No	1,366	1991	0.08	ARMS	$256,000	$187.41	13	13											
	79	C	850135	SF	27	7420 Tranquil Drive	Spring Hill	2	2	0	2,0	No	1,280	1979	0.30	ARMS	$259,900	$203.05	7	7											
	80	C	849782	SF	27	3031 Stanton Avenue	Spring Hill	2	2	0	2,0	Yes	1,498	1987	0.22	ARMS	$260,000	$173.56	37	37											
	81	C	847241	SF	27	8476 Eldridge Road	Spring Hill	2	2	0	2,0	No	1,528	1985	0.30	ARMS	$260,000	$170.16	201	201											
	82	C	851538	SF	27	7437 Nature Walk Drive	Spring Hill	2	2	0	2,0	No	1,298	1997	0.09	ARMS	$264,000	$203.39	3	3											
	83	C	847929	Mob	30	17511 Carthage Avenue	Spring Hill	2	2	0	0,0	No	1,008	1990	1.05	ARMS	$264,000	$261.90	25	25											
	84	C	852804	SF	27	8178 Pinehurst Drive	Spring Hill	3	2	0	2,0	No	1,551	2000	0.29	ARMS	$265,000	$170.86	32	32											
	85	C	854263	SF	27	8081 Pagoda Drive	Spring Hill	3	2	0	2,0	No	1,632	1986	0.23	ARMS	$267,000	$163.60	3	3											
	86	C	846836	SF	27	7492 Aloe Drive	Spring Hill	3	2	0	2,0	No	2,325	1997	0.31	ARMS	$270,000	$116.13	209	209											
	87	C	855542	SF	27	10170 Northcliffe Boulevard	Spring Hill	3	2	0	1,0	Yes	1,356	1978	0.24	ARMS	$280,000	$206.49	4	4											
	88	C	849972	SF	27	14049 White Plains Street	Spring Hill	2	2	0	2,0	No	1,422	1982	0.23	ARMS	$280,000	$196.91	22	22											
	89	C	849334	SF	27	6163 Spyglass Court	Spring Hill	2	2	0	2,0	No	1,780	1982	0.17	ARMS	$281,650	$158.23	115	115											
	90	C	853965	SF	27	4120 Everett Avenue	Spring Hill	2	2	0	1,0	No	1,473	1987	0.23	ARMS	$285,000	$193.48	57	57											
	91	C	853663	SF	27	6347 Darien Way	Spring Hill	2	2	0	2,0	No	1,852	1984	0.23	ARMS	$285,000	$153.89	47	47											
	92	C	848315	SF	27	688 Argyll Drive	Spring Hill	5	2	1	2,0	No	2,190	2022	0.11	ARMS	$285,000	$130.14	29	29											
	93	C	843449	SF	27	9069 Gaynor Street	Spring Hill	2	2	0	2,0	Yes	1,582	1981	0.23	ARMS	$285,000	$180.15	126	126											
	94	C	846212	SF	27	13463 CANDIA Street	Spring Hill	3	2	0	2,0	Yes	1,733	1995	0.25	ARMS	$290,000	$167.34	58	58											
	95	C	846910	SF	27	2603 Royal Ridge Drive	Spring Hill	2	2	0	2,0	No	1,762	1986	0.14	ARMS	$292,500	$166.00	10	10											
	96	C	854378	SF	27	1241 Persian Avenue	Spring Hill	3	2	0	2,0	No	1,913	1990	0.23	ARMS	$299,000	$156.30	59	59											
	97	C	850904	SF	27	3205 Appleblossom Trail	Spring Hill	2	2	0	2,0	No	1,826	1993	0.10	ARMS	$299,000	$163.75	4	4											
	98	C	847247	SF	27	7254 Big Bend Drive	Spring Hill	2	2	0	2,0	No	1,500	1989	0.14	ARMS	$299,000	$199.33	1	1											
	99	C	845768	SF	27	3485 Dothan Avenue	Spring Hill	3	2	0	2,0	Yes	1,332	1999	0.23	ARMS	$299,000	$224.47	34	34											
	100	C	855016	SF	27	11475 Fortune Street	Spring Hill	2	2	0	2,0	Yes	1,558	1983	0.24	ARMS	$300,000	$192.55	14	14											
	1	C	848649	SF	27	9489 Northcliffe Boulevard	Spring Hill	3	2	0	2,0	Yes	1,879	1987	0.34	ARMS	$300,000	$159.66	31	31											
	2	C	845500	SF	27	3143 GRAYTON Drive	Spring Hill	4	2	0	2,0	No	1,688	2000	0.43	ARMS	$300,000	$177.73	51	51											
	3	C	849822	SF	27	3008 Cloudcroft Avenue	Spring Hill	3	2	0	2,0	Yes	2,035	2006	0.23	ARMS	$301,000	$147.91	106	106											
	4	C	853478	SF	27	150 Gordham Court	Spring Hill	3	2	0	2,0	No	1,977	2004	0.16	ARMS	$305,000	$154.27	55	55											
	5	C	848935	SF	27	412 Mistwood Court	Spring Hill	2	2	0	2,0	No	1,619	1999	0.20	ARMS	$309,900	$191.41	145	145											
	6	C	854015	SF	27	12775 Impatiens Street	Spring Hill	4	2	0	2,0	No	1,838	2020	0.14	ARMS	$310,000	$168.66	15	15											
	7	C	850738	SF	27	5178 Roble Avenue	Spring Hill	3	2	0	2,0	No	1,954	1992	0.24	ARMS	$310,000	$158.65	70	70											
	8	C	849836	SF	27	11249 Riddle Drive	Spring Hill	3	2	0	2,0	No	1,750	1986	0.22	ARMS	$310,000	$177.14	118	118											
	9	C	849506	SF	27	12552 Corrine Avenue	Spring Hill	3	2	0	2,0	Yes	1,539	2003	0.27	ARMS	$310,000	$201.43	96	96											
	10	C	846765	SF	27	11852 New Haven Drive	Spring Hill	3	2	0	2,0	No	1,728	2006	0.21	ARMS	$310,000	$179.40	49	49											
	11	C	848444	SF	27	17342 Akins Drive	Spring Hill	3	2	0	2,0	No	1,382	2005	1.44	ARMS	$314,000	$227.21	13	13											
	12	C	849818	SF	27	690 Old Windsor Way	Spring Hill	3	2	0	2,0	No	1,562	2020	0.14	ARMS	$315,000	$201.66	106	106											
	13	C	853377	SF	27	9111 Blaine Road	Spring Hill	2	2	0	2,0	Yes	1,704	1990	0.38	ARMS	$319,900	$187.73	17	17											
	14	C	854148	SF	27	10351 Locker Drive	Spring Hill	3	2	0	2,0	No	2,117	2003	0.25	ARMS	$320,000	$151.16	34	34											
	15	C	850502	SF	27	10475 Norvell Road	Spring Hill	2	2	0	2,0	Yes	1,723	1989	0.23	ARMS	$320,000	$185.72	76	76											
	16	C	844429	SF	27	7499 Blue Skies Drive	Spring Hill	3	2	0	2,0	No	2,166	1994	0.22	ARMS	$320,000	$147.74	201	201											
	17	C	850394	SF	30	16202 Heron Hills Drive	Spring Hill	3	2	0	2,1	No	2,001	1984	1.09	ARMS	$321,000	$160.42	69	69											
	18	C	854651	SF	27	9303 Gibralter Street	Spring Hill	3	2	0	2,0	Yes	1,502	1990	0.23	ARMS	$325,000	$216.38	27	27											
	19	C	848240	SF	27	125 Cabot Avenue	Spring Hill	3	2	1	2,0	Yes	1,709	2004	0.26	ARMS	$325,000	$190.17	105	105											
	20	C	845953	SF	27	3085 Greynolds Avenue	Spring Hill	3	2	0	2,0	Yes	1,734	1984	0.23	ARMS	$325,000	$187.43	43	43											
	21	C	845688	SF	27	10285 Rosetti Court	Spring Hill	3	3	0	2,0	Yes	2,279	1989	0.26	ARMS	$325,000	$142.61	17	17											
	22	C	844174	SF	27	2327 Morning Glory Trail	Spring Hill	3	2	0	3,0	No	2,144	1992	0.20	ARMS	$325,000	$151.59	155	155											
	23	C	852498	SF	27	1299 Stallings Avenue	Spring Hill	3	2	0	2,0	No	1,747	1988	0.54	ARMS	$329,000	$188.32	8	8											
	24	C	848616	SF	27	8482 Day Street	Spring Hill	3	2	0	2,0	Yes	1,793	1987	0.22	ARMS	$330,000	$184.05	6	6											
	25	C	844058	SF	27	14136 Payne Street	Spring Hill	3	2	0	2,0	Yes	1,640	1987	0.23	ARMS	$330,000	$201.22	79	79											
	26	C	856122	SF	27	6125 Nantucket Lane	Spring Hill	3	2	0	2,0	Yes	1,929	1994	0.32	OFF MKT	$331,000	$171.59	0	0											
	27	C	847588	SF	27	11232 Topaz Street	Spring Hill	2	2	0	2,0	Yes	1,384	1986	0.23	ARMS	$331,536	$239.55	167	167											
	28	C	847159	SF	27	10470 Audie Brook Drive	Spring Hill	2	2	0	2,0	Yes	1,632	1990	0.21	ARMS	$332,000	$203.43	11	11											
	29	C	850459	SF	27	8380 Begonia Street	Spring Hill	3	2	1	2,0	No	1,338	1986	1.02	AGT OWN	$335,000	$250.37	31	31											
	30	C	846343	SF	27	9141 Mavis Road	Spring Hill	3	2	0	2,0	Yes	1,518	1999	0.45	ARMS	$335,000	$220.69	10	10											
	31	C	855435	SF	27	6286 Grapewood Road	Spring Hill	4	2	0	2,0	No	1,828	2023	0.33	ARMS	$340,000	$186.00	3	3											
	32	C	847889	SF	27	1275 Old Windsor Way	Spring Hill	4	3	0	2,0	No	2,185	2021	0.18	ARMS	$340,000	$155.61	129	129											
	33	C	843653	SF	27	473 Tournament Drive	Spring Hill	4	2	0	2,0	Yes	2,409	1996	0.31	ARMS	$340,000	$141.14	201	201											
	34	C	848124	SF	27	5400 Birchwood Road	Spring Hill	3	2	0	2,0	Yes	1,921	1987	0.23	ARMS	$345,000	$179.59	142	142											
	35	C	848885	SF	27	2181 Terrace View Lane	Spring Hill	3	2	0	2,0	No	2,064	1995	0.25	ARMS	$350,000	$169.57	109	109											
	36	C	845626	SF	27	4399 Dior Road	Spring Hill	3	2	1	2,0	Yes	1,969	1994	0.28	ARMS	$350,000	$177.76	17	17											
	37	C	848741	SF	27	12354 Huron Street	Spring Hill	4	2	0	2,0	No	1,828	2022	0.29	ARMS	$355,000	$194.20	157	157											
	38	C	846060	SF	27	5203 Lydia Court	Spring Hill	4	2	0	2,0	Yes	1,989	1986	0.34	ARMS	$355,000	$178.48	82	82											
	39	C	854767	SF	27	3200 St. Ives Boulevard	Spring Hill	3	2	0	2,0	Yes	1,824	1999	0.60	ARMS	$358,000	$196.27	48	48											
	40	C	845184	SF	27	13365 Chesapeake Place	Spring Hill	3	2	0	2,0	No	2,022	2012	0.27	ARMS	$360,000	$178.04	93	93											
	41	C	845877	SF	27	11158 Mayflower Road	Spring Hill	3	2	0	2,0	Yes	2,162	1990	0.23	ARMS	$362,000	$167.44	7	7											
	42	C	852890	SF	27	4351 Castle Avenue	Spring Hill	3	2	0	2,0	Yes	1,618	1991	0.32	ARMS	$365,000	$225.59	7	7											
	43	C	856627	SF	27	3790 Hornbeam Road	Spring Hill	4	2	1	2,0	No	2,294	2026	0.10	OFF MKT	$365,900	$159.50		0											
	44	C	847797	SF	27	5206 Deerfield Avenue	Spring Hill	3	2	0	2,0	Yes	1,974	2003	0.23	ARMS	$369,000	$186.93	28	28											
	45	C	846909	SF	27	275 Oriana Drive	Spring Hill	3	3	0	2,0	Yes	2,255	1990	0.49	ARMS	$370,000	$164.08	35	35											
	46	C	850592	SF	27	10448 Utah Street	Spring Hill	3	2	0	2,0	Yes	1,557	1991	0.24	ARMS	$375,000	$240.85	85	85											
	47	C	846837	SF	27	6230 Dorset Road	Spring Hill	3	2	0	2,0	No	2,410	1986	0.71	ARMS	$375,000	$155.60	59	59											
	48	C	844226	SF	27	12191 Monarco Lane	Spring Hill	3	2	0	2,0	Yes	1,798	1983	0.41	ARMS	$375,000	$208.57	81	81											
	49	C	847865	SF	27	7049 Rolling Green Drive	Spring Hill	3	2	0	2,0	No	1,956	1990	0.20	ARMS	$380,000	$194.27	5	5											
	50	C	851092	SF	27	13413 MANDALAY Place	Spring Hill	4	3	0	3,0	No	2,653	2006	0.17	ARMS	$384,000	$144.74	3	3											
	51	C	849456	SF	27	8480 Colma Street	Spring Hill	3	2	0	2,0	Yes	1,838	1984	0.77	ARMS	$390,000	$212.19	181	181											
	52	C	851865	SF	27	2237 Claremont Lane	Spring Hill	3	2	0	2,0	Yes	2,054	2005	0.50	ARMS	$400,000	$194.74	43	43											
	53	C	848097	SF	27	10383 Lear Street	Spring Hill	4	3	0	2,0	No	2,061	2025	0.23	ARMS	$400,000	$194.08	48	48											
	54	C	847739	SF	27	2483 Misty Meadow Court	Spring Hill	3	2	0	3,0	No	2,388	1998	0.18	ARMS	$412,000	$172.53	13	13											
	55	C	850829	SF	27	11088 Sedgefield Avenue	Spring Hill	4	2	1	2,0	Yes	2,356	2002	0.31	ARMS	$420,000	$178.27	79	79											
	56	C	842466	SF	27	6111 Cartwrite Road	Spring Hill	4	3	0	3,0	No	2,280	2022	1.20	ARMS	$435,000	$190.79	126	126											
	57	C	852902	SF	27	5062 Golf Club Lane	Spring Hill	3	2	0	2,0	Yes	2,364	1996	0.34	ARMS	$440,000	$186.13	8	8											
	58	C	853696	SF	27	15031 Surrey Bend	Spring Hill	3	2	0	3,0	Yes	2,163	2006	0.37	ARMS	$450,000	$208.04	41	41											
	59	C	853187	SF	27	12390 Glen Haven Street	Spring Hill	4	3	0	3,0	Yes	2,585	2005	0.50	ARMS	$450,000	$174.08	75	75											
	60	C	847584	SF	27	7105 Myrtlewood Lane	Spring Hill	3	3	0	3,0	Yes	2,359	1990	0.20	ARMS	$495,000	$209.83	3	3											
	61	C	845913	SF	27	7512 Oak Tree Lane	Spring Hill	3	2	1	2,0	Yes	3,108	1994	0.70	ARMS	$525,000	$168.92	165	165											
	62	C	853315	SF	27	5140 Championship Cup Lane	Spring Hill	3	3	0	3,0	Yes	2,865	2002	0.43	ARMS	$540,000	$188.48	7	7											
	63	C	850588	SF	27	4269 River Birch Drive	Spring Hill	3	4	0	2,0	Yes	2,982	1983	0.50	ARMS	$565,000	$189.47	111	111											
	64	C	848195	SF	27	1067 Beckon Court	Spring Hill	4	4	0	3,0	No	3,757	2018	0.50	ARMS	$565,000	$150.39	177	177											
	65	C	851202	SF	30	20600 Moreland Drive	Spring Hill	3	2	1	2,0	Yes	2,400	2006	5.01	ARMS	$849,900	$354.13	79	79											
	66	C	854710	SF	27	6762 E Richard Drive	Spring Hill	3	3	0	2,0	No	1,839	2021	0.30	ARMS	$1,389,000	$755.30	6	6											