	#										ML #	Status	Address	City	Zip Code	Legal Subdivision Name	Subdivision/Condo Name	SqFt Heated	Current Price	BED	FB	HB	Yr Built	Pool	Property Style	Ownership	Taxes	CDOM	ADOM	DTC	Sold Terms	Close Date	LP / SqFt	SP/SqFt	SP / LP	Office Name	Agent Name	Agent ID	Selling Office ID	LSC List Side	Office Board ID
	1										TB8505780	ACT	3362 ST IVES BLVD	SPRING HILL	34609	PRISTINE PLACE PH 1		1,976	$324,999	3	2	0	1996	None	Single Family Residence	Fee Simple	$4,311.00	96	96				$164.47			HOMAN REALTY GROUP INC	Thomas "TJ" Homan, Jr	262002672		Suncoast Tampa	Suncoast Tampa
	2										W7885326	ACT	4028 BRECKLAND CT	SPRING HILL	34609	PRISTINE PLACE PH 1		1,809	$330,000	3	2	0	1995	Community	Single Family Residence	Fee Simple	$2,450.00	104	104				$182.42			DALTON WADE INC	Jose Perez, LLC	262003587		West Pasco	Suncoast Tampa
	3										TB8370529	ACT	3355 ABELINE RD	SPRING HILL	34608	SPRING HILL		1,976	$339,900	3	2	0	2005	None	Single Family Residence	Fee Simple	$5,491.52	494	494				$172.01			FL REAL ESTATE STORE & PMS	Margaret Adamo	635572246		Suncoast Tampa	Suncoast Tampa
	4										W7879927	ACT	3365 INDIAN RIVER ST	SPRING HILL	34609	PRISTINE PLACE PH 4		1,968	$350,000	3	2	0	2004	Community	Single Family Residence	Fee Simple	$4,782.88	282	282				$177.85			BRIDGE POINT BUSINESS REAL EST	Yvonne Levandowski	262003961		West Pasco	West Pasco
	5										TB8536380	ACT	13475 PRINCEWOOD CT	SPRING HILL	34609	PRISTINE PLACE PH 4		2,004	$448,700	3	2	0	2002	Private	Single Family Residence	Fee Simple	$2,470.68	3	3				$223.90			BEACHES TO RANCHES REALTY	James Saffell	261521917		Suncoast Tampa	Suncoast Tampa
	6										TB8527050	ACT	14074 ANDREW SCOTT RD	SPRING HILL	34609	PRISTINE PLACE PH 2		1,898	$449,000	3	2	0	1997	Private	Single Family Residence	Fee Simple	$4,042.34	26	26				$236.56			HOMAN REALTY GROUP INC	Thomas "TJ" Homan, Jr	262002672		Suncoast Tampa	Suncoast Tampa
	7										W7885591	ACT	13415 BOLTON CT	SPRING HILL	34609	PRISTINE PLACE PH 1		2,037	$456,000	3	2	0	1996	Private	Single Family Residence	Fee Simple	$5,415.29	95	95				$223.86			TROPIC SHORES REALTY LLC	Adam Kruszynski	262003025		West Pasco	West Pasco
	8										A4665384	ACT	5688 LEGEND HILLS LN	SPRING HILL	34609	SILVERTHORN PH 2B		1,984	$539,000	3	2	0	1999	Private, Community	Single Family Residence	Fee Simple	$3,145.90	327	327				$271.67			FLORIDA FIRST GROUND REALTY	Horst Luhn	281532047		Sarasota - Manatee	Sarasota - Manatee
	9										TB8521132	PND	6385 INDIA DR	SPRING HILL	34608	SPRING HILL UNIT 22		1,854	$329,900	3	2	0	2004	None	Single Family Residence	Fee Simple	$1,622.00	13	13	13			$177.94			HOMAN REALTY GROUP INC	Daniel McGraw	262002276		Suncoast Tampa	Suncoast Tampa
	10										W7884529	PND	8227 GALGANO LN	SPRING HILL	34606	SPRING HILL		1,962	$410,000	3	2	0	2006	Private	Single Family Residence	Fee Simple	$2,682.00	39	39	39			$208.97			RE/MAX CHAMPIONS	Keith Mathias	285515247		West Pasco	West Pasco
	11										TB8491080	SLD	13403 BOLTON CT	SPRING HILL	34609	PRISTINE PLACE PH 1		2,045	$260,000	3	2	0	1997	Community	Single Family Residence	Fee Simple	$4,503.79	358	91	98	Conventional	08/03/2026	$139.36	$127.14	0.91	LPT REALTY, LLC	Veronica Rosado	261565269	285513358	Suncoast Tampa	Orlando Regional
	12										W7880887	SLD	11201 VALLEY STREAM CT	SPRING HILL	34609	WELLINGTON AT SEVEN HILLS PH11		2,026	$290,000	3	2	0	2006	Community	Single Family Residence	Fee Simple	$4,714.00	30	30	30	Conventional	03/06/2026	$153.01	$143.14	0.94	RE/MAX MARKETING SPECIALISTS	Ross Hardy	260020636	261016803	West Pasco	West Pasco
	13										FC311065	SLD	13463 CANDIA ST	SPRING HILL	34609	SPRING HILL UNIT 24	Not In Subdivision	1,733	$290,000	3	2	0	1995	Private	Single Family Residence	Fee Simple	$3,040.00	58	58	58	Conventional	09/30/2025	$181.77	$167.34	0.92	EXP REALTY LLC	Joshua Hanoud, PA	262001658	261010944	Flagler	Sarasota - Manatee
	14										O6253954	SLD	2443 WATERFALL DR	SPRING HILL	34608	SPRING HILL		1,979	$295,000	3	2	0	2007	None	Single Family Residence	Fee Simple	$4,311.69	481	481	482	FHA	03/23/2026	$159.17	$149.07	0.94	REAL BROKER, LLC	Nelson Cruz PA	261228904	261563771	Orlando Regional	Orlando Regional
	15										W7880013	SLD	3769 LEMA DR	SPRING HILL	34609	SPRING HILL		1,745	$299,000	3	2	0	2003	None	Single Family Residence	Fee Simple	$2,509.52	70	70	119	Conventional	04/24/2026	$171.29	$171.35	1.00	TROPIC SHORES REALTY LLC	Elizabeth Casner	262002901	285512739	West Pasco	West Pasco
	16										TB8514653	SLD	3330 CARMEN AVE	SPRING HILL	34609	SPRING HILL		1,804	$300,000	3	2	0	2001	None	Single Family Residence	Fee Simple	$1,419.18	6	6	6	FHA	06/26/2026	$182.37	$166.3	0.91	HOMAN REALTY GROUP INC	Krystle DeJesus	262003353	261563771	Suncoast Tampa	Suncoast Tampa
	17										O6343571	SLD	533 BENT OAK CT	SPRING HILL	34609	WELLINGTON AT SEVEN HILLS PH 2		1,971	$300,000	3	2	0	1999	Community	Single Family Residence	Fee Simple	$4,539.00	253	253	253	Cash	06/24/2026	$152.21	$152.21	1.00	YOUNG REAL ESTATE	Paul Young	261210328	285513758	Orlando Regional	Orlando Regional
	18										TB8400965	SLD	13337 TUBECK ST	SPRING HILL	34609	SPRING HILL		1,808	$300,000	3	2	0	2006	None	Single Family Residence	Fee Simple	$2,092.48	142	142	142	Conventional	12/23/2025	$169.80	$165.93	0.98	PLANTATION REALTY, INC.	Melissa Champlin	275512485	249532121	Suncoast Tampa	Suncoast Tampa
	19										W7885297	SLD	4219 NEWTON RD	SPRING HILL	34606	SPRING HILL		1,748	$305,000	3	2	0	1996	Private	Single Family Residence	Fee Simple	$692.00	5	5	5	Conventional	06/08/2026	$185.93	$174.49	0.94	SANDPEAK REALTY	Justin Kiziuk	285515805	771469	West Pasco	West Pasco
	20										N6139526	SLD	13272 LAWRENCE ST	SPRING HILL	34609	SPRING HILL		1,858	$305,000	3	2	0	2005	None	Single Family Residence	Fee Simple	$2,637.86	70	70	70	Conventional	10/27/2025	$169.54	$164.16	0.97	BLUE ROO REAL ESTATE COMPANY	Pete Robertson	629049038	261566473	Venice	Venice
	21										TB8457532	SLD	8725 MISSISSIPPI RUN	SPRING HILL	34613	GLEN LAKES PH 1		1,875	$318,000	3	2	0	2006	Community	Single Family Residence	Fee Simple	$3,474.20	101	101	101	FHA	05/25/2026	$173.33	$169.6	0.98	KING & ASSOCIATES REAL ESTATE LLC	Christopher Young	266000913	285515799	Suncoast Tampa	Suncoast Tampa
	22										TB8411930	SLD	10065 TAY CT	SPRING HILL	34608	SPRING HILL UNIT 23		1,884	$320,000	3	2	0	2000	None	Single Family Residence	Fee Simple	$3,932.00	3	3	3	Conventional	08/25/2025	$169.85	$169.85	1.00	MARK SPAIN REAL ESTATE	Wayne Schulaski	261525310	260031661	Suncoast Tampa	Orlando Regional
	23										W7879007	SLD	125 CABOT AVE	SPRING HILL	34606	SPRING HILL UNIT 6		1,709	$325,000	3	2	1	2004	Private	Single Family Residence	Fee Simple	$1,353.86	94	94	99	VA	01/31/2026	$197.43	$190.17	0.96	TROPIC SHORES REALTY LLC	Dan Dempsey	285510573	257010771	West Pasco	West Pasco
	24										TB8473748	SLD	4563 BAYRIDGE CT	SPRING HILL	34606	SPRING HILL		1,779	$329,990	3	2	0	2007	Private	Single Family Residence	Fee Simple	$6,118.70	63	6	6	Conventional	03/27/2026	$185.49	$185.49	1.00	LOKATION	Carissa Mazzella Di Bosco	276661936	261016803	Suncoast Tampa	Osceola
	25										W7885020	SLD	6125 NANTUCKET LN	SPRING HILL	34608	SPRING HILL		1,929	$331,000	3	2	0	1994	Private	Single Family Residence	Fee Simple	$1,992.86	13	13	13	Conventional	06/05/2026	$176.21	$171.59	0.97	HORIZON PALM REALTY GROUP	Shayne Howland	772005258	275500115	West Pasco	West Pasco
	26										W7882076	SLD	2291 DANFORTH RD	SPRING HILL	34608	SPRING HILL		1,814	$340,000	3	2	0	2006	None	Single Family Residence	Fee Simple	$2,002.00	48	48	48	FHA	04/06/2026	$183.57	$187.43	1.02	FUTURE HOME REALTY INC	Jeff Pasmore	261214168	261563502	West Pasco	Suncoast Tampa
	27										W7880959	SLD	2220 MALAGA AVE	SPRING HILL	34609	SPRING HILL		1,964	$340,000	3	2	0	2004	None	Single Family Residence	Condominium	$1,386.00	11	11	11	FHA	02/13/2026	$170.57	$173.12	1.01	KW REALTY ELITE PARTNERS	Richard Pleyer	262003202	261568846	West Pasco	West Pasco
	28										TB8443390	SLD	3010 LACKLAND AVE	SPRING HILL	34608	SPRING HILL		1,978	$345,000	3	2	0	2005	None	Single Family Residence	Fee Simple	$6,578.00	84	84	84	Conventional	02/23/2026	$171.89	$174.42	1.01	REALTY ONE GROUP SUNSHINE	Josh Martin	260043083	260033390	Suncoast Tampa	Suncoast Tampa
	29										W7877835	SLD	5296 SLATER RD	SPRING HILL	34608	SPRING HILL		2,006	$345,000	3	2	0	1999	None	Single Family Residence	Fee Simple	$5,161.00	129	43	43	Conventional, VA	11/17/2025	$179.41	$171.98	0.96	KW REALTY ELITE PARTNERS	Jackie King	262001508	262000079	West Pasco	West Pasco
	30										W7876862	SLD	489 TOURNAMENT DR	SPRING HILL	34608	LINKS AT SEVEN HILLS		1,955	$348,000	3	2	0	1997	None	Single Family Residence	Fee Simple	$4,511.00	31	31	31	Conventional	09/24/2025	$181.59	$178.01	0.98	CENTURY 21 ALLIANCE REALTY	Marie McLaughlin	262000990	55055	West Pasco	West Pasco
	31										TB8398046	SLD	4399 DIOR RD	SPRING HILL	34609	SPRING HILL		1,969	$350,000	3	2	1	1994	Private	Single Family Residence	Fee Simple	$2,944.00	16	16	41	FHA	09/09/2025	$177.76	$177.76	1.00	HOMAN REALTY GROUP INC	Thomas "TJ" Homan, Jr	262002672	261563771	Suncoast Tampa	Suncoast Tampa
	32										W7884957	SLD	2510 WHITEWOOD AVE	SPRING HILL	34609	SPRING HILL		1,802	$351,000	3	2	0	1995	Private	Single Family Residence	Fee Simple	$4,445.73	20	20	20	FHA	06/22/2026	$200.89	$194.78	0.97	KW REALTY ELITE PARTNERS	Steven Peterson	262003473	261563771	West Pasco	West Pasco
	33										W7878126	SLD	10066 TAY CT	SPRING HILL	34608	SPRING HILL UNIT 23		1,913	$355,000	3	2	0	1997	None	Single Family Residence	Fee Simple	$1,745.99	2	2	2	Conventional	09/24/2025	$182.96	$185.57	1.01	BHHS FLORIDA PROPERTIES GROUP	Ashley Quaife	260053676	285512846	West Pasco	West Pasco
	34										GC531363	SLD	13365 CHESAPEAKE PL	SPRING HILL	34609	VILLAGES AT AVALON PH 1		2,022	$360,000	3	2	0	2012	Community	Single Family Residence	Fee Simple	$2,267.53	89	89	89	Conventional	10/10/2025	$180.51	$178.04	0.99	MEEK REAL ESTATE SALES, LLC	Karen Hagan	275512955	261016803	Ocala - Marion	Ocala - Marion
	35										W7878588	SLD	1007 ARCHWAY DR	SPRING HILL	34608	GOLFERS CLUB ESTATE		1,975	$365,000	3	2	0	2005	Private	Single Family Residence	Fee Simple	$5,436.51	79	79	79	VA	01/05/2026	$187.29	$184.81	0.99	HORIZON PALM REALTY GROUP	Liz Piedra	262000958	262002122	West Pasco	West Pasco
	36										W7878359	SLD	11163 PACO ST	SPRING HILL	34609	SPRING HILL UNIT 16		1,802	$370,000	3	2	0	2007	Private	Single Family Residence	Fee Simple	$2,505.00	3	3	3	VA	10/15/2025	$199.78	$205.33	1.03	EXP REALTY, LLC	James Adams, PA	285515031	260031031	West Pasco	West Pasco
	37										TB8479971	SLD	5127 FLORENTINE CT	SPRING HILL	34608	SPRING HILL		1,701	$375,000	3	2	0	1994	Private	Single Family Residence	Fee Simple	$4,752.05	2	2	2	Conventional	05/01/2026	$217.46	$220.46	1.01	UNITED REAL ESTATE SUNCOAST	Sandy Schmuff	841002874	260033393	Suncoast Tampa	Suncoast Tampa
	38										W7879630	SLD	2113 WATERVIEW TER	SPRING HILL	34606	TIMBER PINES		2,010	$380,000	3	2	0	1997	Private, Community	Single Family Residence	Fee Simple	$2,260.00	16	16	16	Conventional	12/15/2025	$192.99	$189.05	0.98	KW REALTY ELITE PARTNERS	John Mamo	262000210	262000085	West Pasco	West Pasco
	39										TB8485429	SLD	7348 CLEARMEADOW DR	SPRING HILL	34606	TIMBER PINES		1,941	$385,000	3	2	0	1994	Private	Single Family Residence	Fee Simple	$2,223.00	24	24	24	Conventional	05/14/2026	$216.33	$198.35	0.92	THE ATLAS GROUP	Thomas Madonia, PA	262002219	55055	Suncoast Tampa	Suncoast Tampa